class,precision,recall,f1_score,support
Blepharitis,0.6116504854368932,0.6702127659574468,0.6395939086294417,94.0
Cataract,1.0,1.0,1.0,7.0
Cherry_Eye,1.0,1.0,1.0,9.0
Conjunctivitis,0.7857142857142857,0.5045871559633027,0.6145251396648045,218.0
Corneal_Sequestrum,0.7911111111111111,0.8240740740740741,0.8072562358276644,216.0
Corneal_Ulcer,0.5897435897435898,0.7232704402515723,0.6497175141242938,159.0
Glaucoma,1.0,1.0,1.0,5.0
Health,0.8765822784810127,0.8993506493506493,0.8878205128205128,308.0
Non_ulcerative,0.6160714285714286,0.71875,0.6634615384615384,96.0
