epoch,lr,train_loss,train_accuracy,train_macro_precision,train_macro_recall,train_macro_f1,val_loss,val_accuracy,val_macro_precision,val_macro_recall,val_macro_f1
1,0.0001,1.8669906783023487,0.4796400449943757,0.366277774216678,0.39709997404134434,0.37226620860357196,1.5203013367310787,0.6014171833480957,0.501706579866725,0.5430760631798877,0.5085504871909817
2,0.0001,1.6000357881037537,0.5905511811023622,0.5490336795782341,0.5638841587598059,0.5526870331525461,1.4376095704424159,0.6448184233835252,0.6908134365147583,0.6061559773315218,0.5838164694211768
3,0.0001,1.4708558930857243,0.6311586051743532,0.6522946668868833,0.6528389085302294,0.6501751426184206,1.3332858003273382,0.691762621789194,0.7266214025772209,0.7313838804462435,0.7240911966335312
4,0.0001,1.3718326201186808,0.6744656917885264,0.7028539401369382,0.7135126310106203,0.7069435855907806,1.2981946349038394,0.7112488928255093,0.750098510145096,0.7203624624788592,0.7249816445731017
5,0.0001,1.284062875403328,0.7125984251968503,0.7521566915617988,0.7592144681035662,0.7543519101764512,1.2632902930857757,0.7165633303808681,0.7320888283082609,0.7199790916145975,0.7192867347525278
6,0.0001,1.2268832264922735,0.7338582677165354,0.7686897600475446,0.7796019082620546,0.7730304953725957,1.242469610156371,0.7360496014171833,0.7551279883205164,0.7467998395125083,0.7464990508560526
7,0.0001,1.1663739537629556,0.7538807649043869,0.8047585431892847,0.806024972293866,0.8045266937423872,1.2462856243467626,0.7227635075287865,0.7373523834598491,0.7290949579087385,0.72814744999582
8,0.0001,1.1243878324468974,0.7753655793025872,0.8139420795567444,0.8246131954522693,0.8183368012547123,1.2484916420084275,0.7342781222320638,0.7464067490426611,0.748463656546281,0.7441598910440983
9,5e-05,1.0883806738193713,0.787289088863892,0.8367069412327854,0.8416160044975154,0.8383146496161216,1.239010372026712,0.7369353410097431,0.7518623830457596,0.7445922270351011,0.7438754113178963
10,5e-05,0.9974569904254446,0.8249718785151856,0.8648268296457577,0.8662996124695405,0.8649678307389377,1.218060178499078,0.7573073516386183,0.780396634019604,0.7830472681851158,0.7772715506770136
11,5e-05,0.9462895111238461,0.8460067491563554,0.8850218052834524,0.8887484688960741,0.8862703492160545,1.2347108374347298,0.7617360496014172,0.8047053615076574,0.8003440226635758,0.7978485023141202
12,5e-05,0.9265111599917889,0.8538807649043869,0.8869183014712222,0.8890697468647757,0.8876251319232199,1.2212408479068848,0.7776793622674933,0.8156766875473053,0.8112597518780814,0.8098923896089163
13,5e-05,0.896383345864621,0.8638920134983127,0.8977208135684263,0.9018263337767637,0.8992252486607268,1.254017311508831,0.7511071744906997,0.7855430923388446,0.7824019974819056,0.7821825346610284
14,5e-05,0.8799538909517337,0.8647919010123735,0.899050400666671,0.9023358241563232,0.9001974585057272,1.2597875076125848,0.7670504871567759,0.7925306496561575,0.7973472169119443,0.7918882067472198
15,2.5e-05,0.863399090058892,0.8761529808773904,0.9038107404482614,0.9076210864263611,0.9052172941751313,1.251329788388775,0.7697077059344553,0.8114487412961429,0.809330934126744,0.8077570406790533
16,2.5e-05,0.8220196557661814,0.8924634420697413,0.9226768953747582,0.9239512840448842,0.9229570639790331,1.2759669515229202,0.7555358724534986,0.7870094519869932,0.7886247712713993,0.786364076159596
17,2.5e-05,0.8046771738204699,0.8985376827896513,0.9247877551274084,0.9278062821594611,0.9259984381913385,1.2662719061566836,0.7626217891939769,0.7881637690931456,0.7894209170355367,0.7876086925426429
18,1.25e-05,0.7909192635318426,0.9052868391451069,0.9309976858407276,0.9330492919808613,0.9317029914703264,1.3022532885691251,0.7484499557130204,0.7718690233344051,0.7674753128152615,0.7666582624974836
19,1.25e-05,0.7687313635518231,0.9129358830146231,0.9356006401865172,0.9330164097457866,0.9339575311869969,1.2988950500084933,0.7626217891939769,0.7871671361341327,0.7863079330041335,0.7854773615109871
