epoch,train_loss,train_accuracy,train_macro_f1,valid_loss,valid_accuracy,valid_macro_f1,valid_macro_roc_auc,learning_rate
1,1.7665910695096572,0.531496062992126,0.4416957741096535,1.4955517242492085,0.6111603188662533,0.5509342167716192,,0.0001
2,1.4622474972078268,0.6329583802024746,0.6482225677835464,1.362493484372824,0.6722763507528786,0.7081017058383947,,0.0001
3,1.2940547038539707,0.6997750281214848,0.7404179315403581,1.3034698581191855,0.7236492471213464,0.7492399427268199,,0.0001
4,1.1990734261574505,0.7329583802024747,0.7789243957879418,1.2774166582335889,0.7413640389725421,0.7713715559148757,,0.0001
5,1.1176957941526988,0.7707536557930259,0.8149652672378104,1.2958587575966203,0.7307351638618246,0.7244178176718362,,0.0001
6,1.0585638079926265,0.7929133858267716,0.8328585276023057,1.2418393091836446,0.7449069973427812,0.790404888549918,,0.0001
7,1.0049603903036324,0.8195725534308211,0.8620989048132864,1.2494645274021257,0.75022143489814,0.7990881123594321,,0.0001
8,0.9712544645336892,0.8332958380202474,0.8729880976431804,1.2494503742372487,0.7608503100088574,0.7939371523480916,,0.0001
9,0.9279475614106912,0.8492688413948256,0.8893035457229845,1.2455623063822867,0.7643932683790965,0.7843145505832743,,0.0001
10,0.8983998342598085,0.8620922384701912,0.8982398548470599,1.251929243265743,0.7537643932683791,0.7811507612694562,,0.0001
11,0.8713214866977801,0.8730033745781778,0.9055196688160058,1.2622904567651345,0.7617360496014172,0.8022652365562528,,0.0001
12,0.8550738064076403,0.8823397075365579,0.9141910419587302,1.2870846902820425,0.7528786536758193,0.799740160777426,,0.0001
13,0.8423184223955483,0.8879640044994376,0.9183106737706669,1.2919234692210881,0.7581930912311781,0.7976374306433541,,0.0001
14,0.8261729268182954,0.8910011248593925,0.9216478336794748,1.3241284109756981,0.7493356953055802,0.792963332641039,,0.0001
15,0.8102434596998228,0.8983127109111361,0.9211497148114147,1.255959872418726,0.7688219663418955,0.8047406636609692,,0.0001
16,0.7989618466269198,0.903037120359955,0.9300065003031575,1.2958984198704573,0.7590788308237378,0.7977005251389113,,0.0001
17,0.7901932388651285,0.9065241844769404,0.9332237696000819,1.3146060079755917,0.7661647475642162,0.8097205686861956,,0.0001
18,0.7915022410720373,0.9048368953880765,0.9295994863360603,1.3304944869498132,0.7626217891939769,0.7897252610573967,,0.0001
19,0.7752727627647009,0.9149606299212598,0.9385306902919136,1.345180933744135,0.7599645704162976,0.8094218994536457,,0.0001
20,0.7694472370387839,0.915748031496063,0.9387038683683014,1.303317463943656,0.7661647475642162,0.8083394296968961,,0.0001
21,0.757486887329774,0.9163104611923509,0.9413357607684618,1.3345222693513816,0.7723649247121346,0.804330560160264,,0.0001
22,0.7530868245864943,0.9224971878515186,0.9455026204950667,1.3092782071358722,0.7741364038972542,0.8163750992981056,,0.0001
23,0.7449185304718909,0.9220472440944882,0.945537415936677,1.3050986956542647,0.7732506643046945,0.8073618231874289,,0.0001
24,0.7400767773175411,0.9235095613048369,0.9467280206424097,1.3240973777334455,0.7661647475642162,0.8086874796964124,,0.0001
25,0.7366612811418746,0.926771653543307,0.9428745611883884,1.338408718226661,0.770593445527015,0.8109119041858852,,0.0001
26,0.7287023135012002,0.9291338582677166,0.9502397691238992,1.3882557718266904,0.7599645704162976,0.8051205970989366,,0.0001
27,0.7309317719593322,0.9286839145106862,0.9493872748320066,1.313464865508214,0.7564216120460585,0.8026177516825198,,0.0001
28,0.7196089178323746,0.932620922384702,0.9482580524861368,1.3892546545871547,0.7519929140832595,0.8031489527593734,,0.0001
29,0.7145976201771832,0.9366704161979753,0.9562145328828129,1.3742299012734855,0.7652790079716564,0.8026789759826526,,0.0001
