class,precision,recall,f1,support
Bacterial_dermatosis,0.15384615384615385,0.6666666666666666,0.25,6.0
Dermatitis,0.8888888888888888,0.7272727272727273,0.8,66.0
Flea Allergy,1.0,0.825,0.9041095890410958,40.0
Fungal_infections,0.8493150684931506,0.96875,0.9051094890510949,64.0
Hypersensitivity,0.6206896551724138,0.6923076923076923,0.6545454545454545,26.0
Hypersensitivity_allergic_dermatosis,0.0,0.0,0.0,10.0
Scabies,0.9629629629629629,0.9629629629629629,0.9629629629629629,27.0
demodicosis,0.9333333333333333,0.98,0.9560975609756097,100.0
hotspot,0.6666666666666666,0.6956521739130435,0.6808510638297872,23.0
mange,1.0,0.6875,0.8148148148148148,32.0
ringworm,0.9490445859872612,0.93125,0.9400630914826499,160.0
