epoch,train_loss,train_accuracy,train_macro_f1,valid_loss,valid_accuracy,valid_macro_f1,learning_rate
1,1.8057432445015493,0.4928008998875141,0.4664593155204513,1.5207613986397972,0.6102745792736936,0.6084619768820083,0.0001
2,1.6140164335345257,0.5713160854893138,0.573767426065641,1.4988528304230966,0.620903454384411,0.6425762027684218,0.0001
3,1.5193634360391726,0.6069741282339708,0.6430608252318043,1.3866477152538892,0.6784765279007972,0.7060990485069207,0.0001
4,1.4447506437151452,0.6401574803149607,0.7009609907494698,1.354140364247365,0.6988485385296723,0.7573762012627996,0.0001
5,1.377105583302484,0.6607424071991002,0.7262972818833173,1.4079009708416368,0.6598759964570416,0.6696811577873354,0.0001
6,1.346132282411556,0.6831271091113611,0.7395374103055037,1.381628197626903,0.674933569530558,0.7045676357642685,0.0001
7,1.3027278985161883,0.6993250843644544,0.762369194418751,1.2873899942483387,0.7094774136403897,0.7531009600876648,5e-05
8,1.211826354499877,0.7340832395950506,0.7941008577453351,1.3211344089309551,0.7130203720106288,0.762703019704253,5e-05
9,1.1708273636879079,0.7525309336332958,0.8145820946698565,1.277787098243661,0.7263064658990257,0.7510972005132344,5e-05
10,1.1591759710129523,0.7571428571428571,0.8161715734245613,1.2694334421039577,0.7263064658990257,0.7742296789352302,5e-05
11,1.1327443159337254,0.7713160854893139,0.8307979402388357,1.3139326831637705,0.7121346324180691,0.7433857681151541,5e-05
12,1.1227215866404257,0.7815523059617547,0.8331566831771325,1.3139071570654903,0.7068201948627104,0.7624477106834497,5e-05
13,1.0917094932766411,0.7827896512935884,0.8356743180436065,1.2797171037423072,0.7183348095659876,0.737729589536816,2.5e-05
14,1.0517843051219549,0.8050618672665917,0.8545218840026532,1.270931436964851,0.7201062887511072,0.767579929962867,2.5e-05
15,1.0391462770168103,0.8107986501687289,0.8600416318750183,1.2571171108234023,0.7298494242692648,0.7782241364381475,2.5e-05
16,1.0282143102453851,0.8130483689538808,0.8599954172614087,1.2736278219070976,0.7271922054915855,0.7744250645348723,2.5e-05
17,1.0170727580416994,0.8161979752530933,0.8625153518606301,1.2781926389813318,0.7254207263064659,0.7807430801119974,2.5e-05
18,1.0104682923167843,0.8197975253093364,0.8664420401262096,1.2800893719688362,0.7245349867139061,0.7595275723195104,2.5e-05
19,0.996675227919365,0.8241844769403824,0.8708118893799565,1.287647110260726,0.7263064658990257,0.7769218452872758,2.5e-05
20,0.9960045916693551,0.8205849268841395,0.869704323317468,1.3155246869033157,0.7192205491585474,0.7244409047744609,1.25e-05
21,0.9716277746569587,0.8391451068616423,0.8810808068564104,1.2851284464657888,0.733392382639504,0.7547571450152133,1.25e-05
22,0.9551891839678563,0.8439820022497188,0.8858468044841826,1.292731764096935,0.7307351638618246,0.7714416776564315,1.25e-05
23,0.9543056870204123,0.8476940382452194,0.8876896516952851,1.2767680248557414,0.7387068201948627,0.7785739585438485,6.25e-06
24,0.9474334991152563,0.8448818897637795,0.8868272294568299,1.2962285817936525,0.7316209034543845,0.7702328110399378,6.25e-06
