epoch,lr,train_loss,train_accuracy,train_macro_f1,train_macro_recall,train_macro_precision,val_loss,val_accuracy,val_macro_f1,val_macro_recall,val_macro_precision
1,0.0001,1.7232888514601339,0.5271091113610799,0.48674726216905967,0.5097842554362608,0.47476689061959454,1.4319876818872321,0.6572187776793623,0.659871925310695,0.6641090482300976,0.6596613971976685
2,0.0001,1.4325387554844533,0.638132733408324,0.6743443293078699,0.692199875076956,0.6622806354562721,1.3298837946409456,0.6953055801594331,0.7338122307929825,0.7379478856561046,0.743811308923073
3,0.0001,1.3224269160269617,0.6923509561304837,0.7338594326351482,0.7470835769544544,0.7243255609809628,1.3007001995090048,0.7192205491585474,0.7580202040310206,0.7637239635757302,0.7589336863028039
4,0.0001,1.2249718319578569,0.7293588301462317,0.7689126271930218,0.7759498422342347,0.7638145767826238,1.3041113143055918,0.7139061116031886,0.7630855500216951,0.7692224781910937,0.7633976836569736
5,0.0001,1.143288998153266,0.7577052868391451,0.8165375652580107,0.8216538307478382,0.8132540503986863,1.28584727520854,0.7094774136403897,0.762060566830467,0.7721902939893862,0.7588331096601354
6,0.0001,1.088848727706849,0.7795275590551181,0.820334458986508,0.8275771094970196,0.8145290029890305,1.280331962081159,0.7280779450841453,0.7634720827982301,0.7611576088764704,0.7691874040228566
7,0.0001,1.0351273725486043,0.8062992125984252,0.8485277272744027,0.8562646606029293,0.8428000837603343,1.2446137992442445,0.7351638618246236,0.782146927591145,0.7911936736982155,0.7757482436205234
8,0.0001,0.9950480733598982,0.8222722159730034,0.8669126538094596,0.8698286543958793,0.8648456047407246,1.2212828282659511,0.7493356953055802,0.7976816597391354,0.797650154144407,0.7989044184602319
9,0.0001,0.9577034112573072,0.8359955005624297,0.8758204319482826,0.8817056883320916,0.8708344690114794,1.2703683723698052,0.7395925597874224,0.7688019645566642,0.7720114796094647,0.7680898655755657
10,0.0001,0.9282460585756163,0.8519685039370078,0.8888899490006301,0.8944439469850539,0.8843744545884944,1.2546908100481262,0.75022143489814,0.7858431737711312,0.7865248968159146,0.7928763922742575
11,5e-05,0.8982897020164035,0.8646794150731159,0.9001261503640525,0.9033284796826558,0.8977193816748034,1.2784534028613324,0.7351638618246236,0.7767628492194323,0.7758689758352824,0.7838492039908248
12,5e-05,0.8138451551023297,0.9010123734533183,0.9281489770800838,0.9310913529844416,0.9259972693701108,1.2561492807470243,0.7590788308237378,0.7959550591723784,0.79439611361378,0.8038659131521206
13,5e-05,0.7819053639711223,0.9114735658042744,0.9379734224764685,0.9389397682943286,0.9372675331540378,1.2789644632221218,0.7617360496014172,0.8010390506120921,0.8000000033255209,0.8090383507622033
14,5e-05,0.7769114667438684,0.9156355455568054,0.9408811170573035,0.9428373311685214,0.9392753736666464,1.2522419761302093,0.7599645704162976,0.8013836128119879,0.8003477276186984,0.8068602852533214
15,5e-05,0.7680038917855819,0.9165354330708662,0.9411978638576524,0.9433264241717259,0.9396462850022258,1.282474312505646,0.7573073516386183,0.8005442468770839,0.7931128182577551,0.8145266270360305
16,5e-05,0.7521647033058484,0.9232845894263217,0.947024884365494,0.9486749322159242,0.9456952406903054,1.2715923375952445,0.7608503100088574,0.8042810247315794,0.8004235259389595,0.8119313787468746
17,5e-05,0.7459414535485988,0.9269966254218223,0.9466173754248501,0.9514420490538984,0.9422624527321131,1.3045439745495022,0.745792736935341,0.7864568291682672,0.7849715342583428,0.794222962133421
18,5e-05,0.7498119079355985,0.9241844769403824,0.9472797365257318,0.948691740268358,0.9462585226639617,1.2954663472749999,0.7599645704162976,0.7930281360906686,0.7995583913134157,0.7906388155125805
19,2.5e-05,0.7311148950434107,0.9310461192350956,0.9523033534233298,0.9538849719815325,0.9509398678469112,1.3316005344830117,0.7519929140832595,0.788007885667197,0.7857028885790875,0.802336720537601
20,2.5e-05,0.7150662516448039,0.9363329583802025,0.9567411547531365,0.9578903021731302,0.9559144678124911,1.2967393708714772,0.7537643932683791,0.7964154487041144,0.7916940558563199,0.8050854267317682
21,2.5e-05,0.6987732651531361,0.9443194600674916,0.9602529064631514,0.9630030322774057,0.9578573369222239,1.3152398257470954,0.7555358724534986,0.7973311723279193,0.7957666987901697,0.8017573303469697
22,1.25e-05,0.6933993319692708,0.9422947131608549,0.9610658582422893,0.962622967068407,0.9597508157409638,1.3026349726137174,0.7643932683790965,0.7999618415464563,0.7968602199273405,0.8066056241497049
23,1.25e-05,0.6791920018812937,0.9499437570303711,0.9662416404354683,0.9673102683469863,0.9653934692864085,1.3264931142066199,0.7555358724534986,0.7945417055647956,0.7901015229549778,0.8023034463745844
