epoch,train_loss,train_accuracy,train_macro_precision,train_macro_recall,train_macro_f1,valid_loss,valid_accuracy,valid_macro_precision,valid_macro_recall,valid_macro_f1,learning_rate
1,1.8973614677897754,0.5029776674937966,0.37254066029267424,0.37321109066604136,0.34982101867542814,1.3022727470319377,0.729145211122554,0.5239411640528391,0.5145131164945301,0.5064208714576981,0.0001
2,1.3332358030764104,0.686848635235732,0.5736315217893787,0.5499893063522662,0.5491896850570058,1.0923734003434342,0.776519052523172,0.5626748752705448,0.6057306765402372,0.566918183729477,0.0001
3,1.1031290334744135,0.7593052109181141,0.6588931631630548,0.6601230821348106,0.648138926833165,0.987568193066378,0.7950566426364573,0.5868647318676904,0.6034233760499759,0.5845163261862086,0.0001
4,0.9729486860057557,0.8012406947890819,0.7092130909037218,0.7145269894652042,0.706580702981997,0.9498088588184235,0.8053553038105047,0.6118299320085755,0.6599575576973762,0.6194539939512009,0.0001
5,0.8977696048414737,0.8215880893300248,0.7386547830970165,0.7462919998655532,0.7365958005430965,0.9291476352575756,0.8218331616889805,0.6189078147112733,0.6333624173696248,0.6131187586692113,0.0001
6,0.8269260678042845,0.8446650124069479,0.7570885272285768,0.7642135599144904,0.7555013584653394,0.9058915894750954,0.8249227600411947,0.6420193252368728,0.6789370094603338,0.6395946821329715,0.0001
7,0.7912553644653585,0.8518610421836228,0.7717028908796494,0.7891059148710532,0.7757977534682311,0.911812451914582,0.8208032955715757,0.6365907551239901,0.69862585909001,0.6406084542018045,0.0001
8,0.7773585562670497,0.8590570719602978,0.7826016679235732,0.79632611300898,0.7849904978769932,0.9072214452171915,0.8166838311019567,0.650757066457314,0.7118802817510587,0.6497409483286081,0.0001
9,0.7649092719809293,0.8620347394540943,0.7824589854422247,0.8049934922945845,0.78948060446221,0.9424661165899401,0.811534500514933,0.6156782103232867,0.6840020547228205,0.6269740891800436,0.0001
10,0.7321307337905278,0.8707196029776675,0.7984719626286904,0.8219503639933172,0.8038726781458596,0.9017268228972855,0.815653964984552,0.6135699123737721,0.654894823964216,0.6218072330989425,0.0001
11,0.716338108343167,0.8806451612903226,0.804897240941544,0.8276556424867908,0.8132121132078308,0.934901375971911,0.8063851699279093,0.619053447480125,0.6719979322861028,0.6219550243119198,0.0001
12,0.6854215701815508,0.890074441687345,0.8206257403162103,0.8561754886153772,0.8318025491746124,0.9340811721082819,0.8094747682801235,0.6170946499164776,0.6646867587020777,0.6204995873179322,5e-05
13,0.6718615255639807,0.8905707196029776,0.8204444782199765,0.8527125812635089,0.8306917240317528,0.9401755022339668,0.811534500514933,0.6142654558564495,0.6605223601980034,0.6201607174300493,5e-05
14,0.6675219207780237,0.8945409429280397,0.8263753066891002,0.850264096888862,0.8339381410374773,0.939374576145294,0.811534500514933,0.6316405242756981,0.6929309972089656,0.6357212096740664,5e-05
15,0.6513481137178672,0.903970223325062,0.8434258875517823,0.8786043609332086,0.8542445608980842,0.9397518868058398,0.8125643666323378,0.6220208257905444,0.6866815859074045,0.6290037280353418,2.5e-05
