epoch,backbone_lr,head_lr,train_loss,train_accuracy,train_macro_precision,train_macro_recall,train_macro_f1,val_loss,val_accuracy,val_macro_precision,val_macro_recall,val_macro_f1
1,5e-05,0.0001,1.8627870225128629,0.48053993250843646,0.3843645568980373,0.37623739624835706,0.37230946618042104,1.5894933814385805,0.5686448184233835,0.5436937925444851,0.5513190125046449,0.511344109765819
2,5e-05,0.0001,1.6113823945530354,0.5761529808773903,0.5628456178305404,0.5622042511583046,0.5555286503231925,1.4231870087825482,0.650132860938884,0.682666687950765,0.6680550164962153,0.6642981945128608
3,5e-05,0.0001,1.4868026818279743,0.6282339707536558,0.6708251368721748,0.666098183803997,0.667266126504677,1.3440848887758619,0.6944198405668733,0.7123349634073232,0.7056422433569822,0.7012798954294962
4,5e-05,0.0001,1.3796580075547182,0.6743532058492688,0.7167597608000946,0.7223141034521642,0.7187222656626684,1.3798332770806272,0.6775907883082374,0.7192771399518323,0.7171238744851066,0.7090445947295616
5,5e-05,0.0001,1.2981262613804456,0.703599550056243,0.74873021422965,0.7525496970478722,0.7497451606376343,1.3359909936112573,0.7006200177147919,0.756360372322655,0.7328259648301894,0.7379458637044711
6,5e-05,0.0001,1.2317275580190565,0.7313835770528684,0.7772838181506532,0.7829555662516534,0.779491437482466,1.270965106224359,0.7227635075287865,0.7594718718519516,0.7386354921890396,0.7420603371542723
7,5e-05,0.0001,1.1734782536466961,0.7473565804274466,0.7995016282623548,0.8034340195324116,0.8007296758765302,1.2502276221400768,0.7387068201948627,0.7850806941139489,0.7687784358856627,0.7732273408335933
8,5e-05,0.0001,1.1431298273285544,0.7670416197975253,0.8193745583199331,0.8213814999945807,0.8193524189969126,1.2747500405256678,0.7192205491585474,0.7635242647074953,0.7579412512901307,0.7563548768558616
9,5e-05,0.0001,1.1005337871032839,0.7788526434195725,0.8220931678353295,0.8292066946002388,0.8250773563112654,1.2561000573677337,0.7387068201948627,0.7619528420028189,0.7304951889968886,0.7250018044728495
10,2.5e-05,5e-05,1.0652189238736547,0.7961754780652418,0.8348991831203345,0.8433212450887404,0.8384271746372984,1.2191022944672114,0.7608503100088574,0.7730316175578478,0.7621836044346052,0.763424624619454
11,2.5e-05,5e-05,0.9830291684754654,0.8293588301462317,0.8677926411436289,0.871431515794471,0.8690410934989847,1.2429555493767437,0.7528786536758193,0.7714222984740812,0.7628920793269349,0.763803211812944
12,2.5e-05,5e-05,0.9437748229610906,0.844206974128234,0.8797301436150415,0.8877882262800756,0.8831022487106923,1.2642363903794909,0.7484499557130204,0.7802438966526956,0.775016057702347,0.7753605981397877
13,2.5e-05,5e-05,0.9304029955236394,0.8528683914510686,0.8895774247830652,0.8927210351404976,0.8907352999589152,1.2341710202613692,0.7626217891939769,0.8027014950114275,0.8091211897647331,0.8039360715879493
14,2.5e-05,5e-05,0.9203547550937322,0.8521934758155231,0.8865122394705355,0.8923751191179315,0.8890146865129732,1.2456867054989107,0.7617360496014172,0.7763792066550023,0.7965046597826652,0.7852817176620968
15,2.5e-05,5e-05,0.901266072397157,0.8625421822272216,0.8941781054418266,0.8969045320701853,0.8951621055071359,1.2491949382242216,0.7564216120460585,0.8037077137873399,0.7978317391249702,0.799612866900503
16,1.25e-05,2.5e-05,0.8692021540501255,0.8717660292463442,0.9050417198936235,0.9085685223193654,0.9064444974788467,1.2786613792260206,0.75022143489814,0.7933493258973981,0.7926806380643803,0.7928573067693441
17,1.25e-05,2.5e-05,0.8497102208024874,0.8799775028121485,0.9131803119226891,0.9151553149397973,0.9138937834563153,1.2903178212281556,0.7599645704162976,0.7962178593151736,0.8118106213699219,0.8031553893672435
18,1.25e-05,2.5e-05,0.8334105178127139,0.8898762654668166,0.9185481407990339,0.9216858230789889,0.9198293715614487,1.2990880788322885,0.7493356953055802,0.8021819789458413,0.7974275962513072,0.7985776427763027
19,6.25e-06,1.25e-05,0.8279929909415132,0.8910011248593925,0.9208343396778543,0.921685412778579,0.9209892875007752,1.270143855478618,0.7466784765279008,0.7893760498358579,0.782881690737929,0.7850245783762904
20,6.25e-06,1.25e-05,0.8041882730509219,0.9,0.9277037267526238,0.928635520975427,0.9278822023249003,1.2940183324661796,0.7475642161204605,0.7916708962441182,0.7919099856465995,0.7913970460274237
